https://whitewolf.fandom.com/wiki/Celerity_(VTM)	Celerity	skill	1	Cat's Grace	Description
https://whitewolf.fandom.com/wiki/Celerity_(VTM)	Celerity	skill	1	Rapid Reflexes	N/A
https://whitewolf.fandom.com/wiki/Celerity_(VTM)	Celerity	skill	2	Fleetness	N/A
https://whitewolf.fandom.com/wiki/Celerity_(VTM)	Celerity	skill	3	Blink	N/A
https://whitewolf.fandom.com/wiki/Celerity_(VTM)	Celerity	skill	3	Traversal	N/A
https://whitewolf.fandom.com/wiki/Celerity_(VTM)	Celerity	skill	4	Draught of Elegance	N/A
https://whitewolf.fandom.com/wiki/Celerity_(VTM)	Celerity	skill	4	Unerring Aim	N/A
https://whitewolf.fandom.com/wiki/Celerity_(VTM)	Celerity	skill	5	Lightning Strike	N/A
https://whitewolf.fandom.com/wiki/Celerity_(VTM)	Celerity	skill	5	Split Second	N/A
https://whitewolf.fandom.com/wiki/Celerity_(VTM)	Celerity	skill	6	Flawless Parry	N/A
https://whitewolf.fandom.com/wiki/Celerity_(VTM)	Celerity	skill	6	Precision	N/A
https://whitewolf.fandom.com/wiki/Celerity_(VTM)	Celerity	skill	6	Projectile	N/A
https://whitewolf.fandom.com/wiki/Celerity_(VTM)	Celerity	skill	6	Tireless Tread	N/A
https://whitewolf.fandom.com/wiki/Celerity_(VTM)	Celerity	skill	6	Quickness	N/A
https://whitewolf.fandom.com/wiki/Celerity_(VTM)	Celerity	skill	6	Momentum	N/A
https://whitewolf.fandom.com/wiki/Celerity_(VTM)	Celerity	skill	7	Celerity Refinement	N/A
https://whitewolf.fandom.com/wiki/Celerity_(VTM)	Celerity	skill	7	Flower of Death	N/A
https://whitewolf.fandom.com/wiki/Celerity_(VTM)	Celerity	skill	7	Quickness	N/A
https://whitewolf.fandom.com/wiki/Celerity_(VTM)	Celerity	skill	7	Stutter-Step	N/A
https://whitewolf.fandom.com/wiki/Celerity_(VTM)	Celerity	skill	8	Physical Defiance	N/A
https://whitewolf.fandom.com/wiki/Celerity_(VTM)	Celerity	skill	8	The Unseen Storm	N/A
https://whitewolf.fandom.com/wiki/Celerity_(VTM)	Celerity	skill	8	Time out of Time	N/A
https://whitewolf.fandom.com/wiki/Celerity_(VTM)	Celerity	skill	8	Zephyr	N/A
https://whitewolf.fandom.com/wiki/Celerity_(VTM)	Celerity	skill	9	Paragon of Motion	N/A
https://whitewolf.fandom.com/wiki/Celerity_(VTM)	Celerity	skill	9	Between the Ticks	N/A
https://whitewolf.fandom.com/wiki/Potence	Potence	skill	6	Imprint	N/A
https://whitewolf.fandom.com/wiki/Potence	Potence	skill	6	Master of the Forge	N/A
https://whitewolf.fandom.com/wiki/Potence	Potence	skill	6	Relentless Pursuit	N/A
https://whitewolf.fandom.com/wiki/Potence	Potence	skill	6	The Fist of Caine	N/A
https://whitewolf.fandom.com/wiki/Potence	Potence	skill	6	The Gentle Rebuke	N/A
https://whitewolf.fandom.com/wiki/Potence	Potence	skill	6	Crush	N/A
https://whitewolf.fandom.com/wiki/Potence	Potence	skill	7	Earthshock	N/A
https://whitewolf.fandom.com/wiki/Potence	Potence	skill	7	Fist of the Titans	N/A
https://whitewolf.fandom.com/wiki/Potence	Potence	skill	7	Immovable Object	N/A
https://whitewolf.fandom.com/wiki/Potence	Potence	skill	7	The Forger's Hammer	N/A
https://whitewolf.fandom.com/wiki/Potence	Potence	skill	7	Brutality	N/A
https://whitewolf.fandom.com/wiki/Potence	Potence	skill	8	Aftershock	N/A
https://whitewolf.fandom.com/wiki/Potence	Potence	skill	8	Flick	N/A
https://whitewolf.fandom.com/wiki/Potence	Potence	skill	8	Lend the Supernatural Vigor	N/A
https://whitewolf.fandom.com/wiki/Potence	Potence	skill	8	Touch of Pain	N/A
https://whitewolf.fandom.com/wiki/Potence	Potence	skill	9	Might of the Heroes	N/A
https://whitewolf.fandom.com/wiki/Potence	Potence	skill	1	Lethal Body	N/A
https://whitewolf.fandom.com/wiki/Potence	Potence	skill	1	Soaring Leap	N/A
https://whitewolf.fandom.com/wiki/Potence	Potence	skill	2	Prowess	N/A
https://whitewolf.fandom.com/wiki/Potence	Potence	skill	3	Brutal Feed	N/A
https://whitewolf.fandom.com/wiki/Potence	Potence	skill	3	Spark of Rage	N/A
https://whitewolf.fandom.com/wiki/Potence	Potence	skill	3	Uncanny Grip	N/A
https://whitewolf.fandom.com/wiki/Potence	Potence	skill	4	Draught of Might	N/A
https://whitewolf.fandom.com/wiki/Potence	Potence	skill	5	Earthshock	N/A
https://whitewolf.fandom.com/wiki/Potence	Potence	skill	5	Fist of Caine	N/A
https://whitewolf.fandom.com/wiki/Obfuscate_(VTM)	Obfuscate	skill	6	Blithe Acceptance	N/A
https://whitewolf.fandom.com/wiki/Obfuscate_(VTM)	Obfuscate	skill	6	Busy Doing Nothing	N/A
https://whitewolf.fandom.com/wiki/Obfuscate_(VTM)	Obfuscate	skill	6	Conceal	N/A
https://whitewolf.fandom.com/wiki/Obfuscate_(VTM)	Obfuscate	skill	6	Confusion of the Eye	N/A
https://whitewolf.fandom.com/wiki/Obfuscate_(VTM)	Obfuscate	skill	6	Diastatsis	N/A
https://whitewolf.fandom.com/wiki/Obfuscate_(VTM)	Obfuscate	skill	6	Displacement	N/A
https://whitewolf.fandom.com/wiki/Obfuscate_(VTM)	Obfuscate	skill	6	Gemini's Mirror	N/A
https://whitewolf.fandom.com/wiki/Obfuscate_(VTM)	Obfuscate	skill	6	Invisible Weapon	N/A
https://whitewolf.fandom.com/wiki/Obfuscate_(VTM)	Obfuscate	skill	6	Manifold Guise	N/A
https://whitewolf.fandom.com/wiki/Obfuscate_(VTM)	Obfuscate	skill	6	Mask of Janus	N/A
https://whitewolf.fandom.com/wiki/Obfuscate_(VTM)	Obfuscate	skill	6	Mental Maze	N/A
https://whitewolf.fandom.com/wiki/Obfuscate_(VTM)	Obfuscate	skill	6	Mind Blank	N/A
https://whitewolf.fandom.com/wiki/Obfuscate_(VTM)	Obfuscate	skill	6	Scrawl	N/A
https://whitewolf.fandom.com/wiki/Obfuscate_(VTM)	Obfuscate	skill	6	Soul Mask	N/A
https://whitewolf.fandom.com/wiki/Obfuscate_(VTM)	Obfuscate	skill	7	Cache	N/A
https://whitewolf.fandom.com/wiki/Obfuscate_(VTM)	Obfuscate	skill	7	Cloak	N/A
https://whitewolf.fandom.com/wiki/Obfuscate_(VTM)	Obfuscate	skill	7	Fortress of Silence	N/A
https://whitewolf.fandom.com/wiki/Obfuscate_(VTM)	Obfuscate	skill	7	Veil of Blissful Ignorance	N/A
https://whitewolf.fandom.com/wiki/Obfuscate_(VTM)	Obfuscate	skill	7	Veil the Legions	N/A
https://whitewolf.fandom.com/wiki/Obfuscate_(VTM)	Obfuscate	skill	7	Visit Faerieland	N/A
https://whitewolf.fandom.com/wiki/Obfuscate_(VTM)	Obfuscate	skill	8	Horrid Countenance	N/A
https://whitewolf.fandom.com/wiki/Obfuscate_(VTM)	Obfuscate	skill	8	Old Friend	N/A
https://whitewolf.fandom.com/wiki/Obfuscate_(VTM)	Obfuscate	skill	8	Phantom Haunter	N/A
https://whitewolf.fandom.com/wiki/Obfuscate_(VTM)	Obfuscate	skill	9	Create Name	N/A
https://whitewolf.fandom.com/wiki/Obfuscate_(VTM)	Obfuscate	skill	9	Obscure God's Creation	N/A
https://whitewolf.fandom.com/wiki/Obfuscate_(VTM)	Obfuscate	skill	10	Memories Fading Glimpse	N/A
https://whitewolf.fandom.com/wiki/Obfuscate_(VTM)	Obfuscate	skill	10	Plot Device	N/A
https://whitewolf.fandom.com/wiki/Obfuscate_(VTM)	Obfuscate	skill	1	Cloak of Shadows	N/A
https://whitewolf.fandom.com/wiki/Obfuscate_(VTM)	Obfuscate	skill	1	Silence of Death	N/A
https://whitewolf.fandom.com/wiki/Obfuscate_(VTM)	Obfuscate	skill	2	Unseen Passage	N/A
https://whitewolf.fandom.com/wiki/Obfuscate_(VTM)	Obfuscate	skill	2	Chimerstry	N/A
https://whitewolf.fandom.com/wiki/Obfuscate_(VTM)	Obfuscate	skill	3	Ghost in the Machine	N/A
https://whitewolf.fandom.com/wiki/Obfuscate_(VTM)	Obfuscate	skill	3	Mask of a Thousand Faces	N/A
https://whitewolf.fandom.com/wiki/Obfuscate_(VTM)	Obfuscate	skill	3	Fata Morgana	N/A
https://whitewolf.fandom.com/wiki/Obfuscate_(VTM)	Obfuscate	skill	3	Mental Maze[4]	N/A
https://whitewolf.fandom.com/wiki/Obfuscate_(VTM)	Obfuscate	skill	4	Conceal	N/A
https://whitewolf.fandom.com/wiki/Obfuscate_(VTM)	Obfuscate	skill	4	Vanish	N/A
https://whitewolf.fandom.com/wiki/Obfuscate_(VTM)	Obfuscate	skill	5	Cloak the Gathering	N/A
https://whitewolf.fandom.com/wiki/Obfuscate_(VTM)	Obfuscate	skill	5	Imposter's Guise	N/A
https://whitewolf.fandom.com/wiki/Presence_(VTM)	Presence	skill	6	Aire of Elation	N/A
https://whitewolf.fandom.com/wiki/Presence_(VTM)	Presence	skill	6	Capture Reality	N/A
https://whitewolf.fandom.com/wiki/Presence_(VTM)	Presence	skill	6	Force of Personality	N/A
https://whitewolf.fandom.com/wiki/Presence_(VTM)	Presence	skill	6	Intensification	N/A
https://whitewolf.fandom.com/wiki/Presence_(VTM)	Presence	skill	6	Love	N/A
https://whitewolf.fandom.com/wiki/Presence_(VTM)	Presence	skill	6	Melusine's Song	N/A
https://whitewolf.fandom.com/wiki/Presence_(VTM)	Presence	skill	6	Paralyzing Glance	N/A
https://whitewolf.fandom.com/wiki/Presence_(VTM)	Presence	skill	6	Passion	N/A
https://whitewolf.fandom.com/wiki/Presence_(VTM)	Presence	skill	6	Renew the Earthly Pleasures	N/A
https://whitewolf.fandom.com/wiki/Presence_(VTM)	Presence	skill	6	Siren's Song	N/A
https://whitewolf.fandom.com/wiki/Presence_(VTM)	Presence	skill	6	Spark of Rage	N/A
https://whitewolf.fandom.com/wiki/Presence_(VTM)	Presence	skill	6	Star Magnetism	N/A
https://whitewolf.fandom.com/wiki/Presence_(VTM)	Presence	skill	6	Two-Tiered Communication	N/A
https://whitewolf.fandom.com/wiki/Presence_(VTM)	Presence	skill	6	Vengeance of the Martyr's Legacy	N/A
https://whitewolf.fandom.com/wiki/Presence_(VTM)	Presence	skill	7	Cooperation	N/A
https://whitewolf.fandom.com/wiki/Presence_(VTM)	Presence	skill	7	Fires of Conviction	N/A
https://whitewolf.fandom.com/wiki/Presence_(VTM)	Presence	skill	7	Mask Empathy	N/A
https://whitewolf.fandom.com/wiki/Presence_(VTM)	Presence	skill	7	Mind Numb	N/A
https://whitewolf.fandom.com/wiki/Presence_(VTM)	Presence	skill	7	Phobia	N/A
https://whitewolf.fandom.com/wiki/Presence_(VTM)	Presence	skill	7	Scourging the Instinct	N/A
https://whitewolf.fandom.com/wiki/Presence_(VTM)	Presence	skill	7	Unholy Penance	N/A
https://whitewolf.fandom.com/wiki/Presence_(VTM)	Presence	skill	7	Vengeance of the Martyr's Legacy	N/A
https://whitewolf.fandom.com/wiki/Presence_(VTM)	Presence	skill	8	Bloodlust	N/A
https://whitewolf.fandom.com/wiki/Presence_(VTM)	Presence	skill	8	Corruption	N/A
https://whitewolf.fandom.com/wiki/Presence_(VTM)	Presence	skill	8	Invoke Frenzy	N/A
https://whitewolf.fandom.com/wiki/Presence_(VTM)	Presence	skill	8	Ironclad Command	N/A
https://whitewolf.fandom.com/wiki/Presence_(VTM)	Presence	skill	8	Perfect Paragon	N/A
https://whitewolf.fandom.com/wiki/Presence_(VTM)	Presence	skill	9	A Perfect World	N/A
https://whitewolf.fandom.com/wiki/Presence_(VTM)	Presence	skill	9	Pulse of the City	N/A
https://whitewolf.fandom.com/wiki/Presence_(VTM)	Presence	skill	10	Dream World	N/A
https://whitewolf.fandom.com/wiki/Presence_(VTM)	Presence	skill	10	Plot Device	N/A
https://whitewolf.fandom.com/wiki/Presence_(VTM)	Presence	skill	1	Awe	N/A
https://whitewolf.fandom.com/wiki/Presence_(VTM)	Presence	skill	1	Daunt	N/A
https://whitewolf.fandom.com/wiki/Presence_(VTM)	Presence	skill	1	Eyes of the Serpent	N/A
https://whitewolf.fandom.com/wiki/Presence_(VTM)	Presence	skill	2	Lingering Kiss	N/A
https://whitewolf.fandom.com/wiki/Presence_(VTM)	Presence	skill	3	Dread Gaze	N/A
https://whitewolf.fandom.com/wiki/Presence_(VTM)	Presence	skill	3	Entrancement	N/A
https://whitewolf.fandom.com/wiki/Presence_(VTM)	Presence	skill	3	True Love's Face	N/A
https://whitewolf.fandom.com/wiki/Presence_(VTM)	Presence	skill	4	Irresistible Voice	N/A
https://whitewolf.fandom.com/wiki/Presence_(VTM)	Presence	skill	4	Summon	N/A
https://whitewolf.fandom.com/wiki/Presence_(VTM)	Presence	skill	4	Magnum Opus	N/A
https://whitewolf.fandom.com/wiki/Presence_(VTM)	Presence	skill	5	Majesty	N/A
https://whitewolf.fandom.com/wiki/Presence_(VTM)	Presence	skill	5	Star Magnetism	N/A
https://whitewolf.fandom.com/wiki/Animalism_(VTM)	Animalism	skill	6	Animal Succulence	N/A
https://whitewolf.fandom.com/wiki/Animalism_(VTM)	Animalism	skill	6	Beast Walk	N/A
https://whitewolf.fandom.com/wiki/Animalism_(VTM)	Animalism	skill	6	Deep Song	N/A
https://whitewolf.fandom.com/wiki/Animalism_(VTM)	Animalism	skill	6	Eye of the Szlachta	N/A
https://whitewolf.fandom.com/wiki/Animalism_(VTM)	Animalism	skill	6	Gap of Ages	N/A
https://whitewolf.fandom.com/wiki/Animalism_(VTM)	Animalism	skill	6	Pact with Animals	N/A
https://whitewolf.fandom.com/wiki/Animalism_(VTM)	Animalism	skill	6	Quell the Herd	N/A
https://whitewolf.fandom.com/wiki/Animalism_(VTM)	Animalism	skill	6	Sense the Savage Way	N/A
https://whitewolf.fandom.com/wiki/Animalism_(VTM)	Animalism	skill	6	Shared Soul	N/A
https://whitewolf.fandom.com/wiki/Animalism_(VTM)	Animalism	skill	6	Shepherd's Innocence	N/A
https://whitewolf.fandom.com/wiki/Animalism_(VTM)	Animalism	skill	6	Song in the Dark	N/A
https://whitewolf.fandom.com/wiki/Animalism_(VTM)	Animalism	skill	6	Species Speech	N/A
https://whitewolf.fandom.com/wiki/Animalism_(VTM)	Animalism	skill	6	Tainted Oasis	N/A
https://whitewolf.fandom.com/wiki/Animalism_(VTM)	Animalism	skill	6	Tier of Souls	N/A
https://whitewolf.fandom.com/wiki/Animalism_(VTM)	Animalism	skill	7	Conquer the Beast	N/A
https://whitewolf.fandom.com/wiki/Animalism_(VTM)	Animalism	skill	7	Master's Voice	N/A
https://whitewolf.fandom.com/wiki/Animalism_(VTM)	Animalism	skill	7	Send the Eighth Plague	N/A
https://whitewolf.fandom.com/wiki/Animalism_(VTM)	Animalism	skill	7	Stampede	N/A
https://whitewolf.fandom.com/wiki/Animalism_(VTM)	Animalism	skill	7	Twist the Feral Will	N/A
https://whitewolf.fandom.com/wiki/Animalism_(VTM)	Animalism	skill	7	Beast Shard	N/A
https://whitewolf.fandom.com/wiki/Animalism_(VTM)	Animalism	skill	8	Crimson Fury	N/A
https://whitewolf.fandom.com/wiki/Animalism_(VTM)	Animalism	skill	8	Mass Summons	N/A
https://whitewolf.fandom.com/wiki/Animalism_(VTM)	Animalism	skill	8	Taunt the Caged Beast	N/A
https://whitewolf.fandom.com/wiki/Animalism_(VTM)	Animalism	skill	8	Twin Spirits	N/A
https://whitewolf.fandom.com/wiki/Animalism_(VTM)	Animalism	skill	8	Unchain the Ferocious Beast	N/A
https://whitewolf.fandom.com/wiki/Animalism_(VTM)	Animalism	skill	9	Eyes of the Forest	N/A
https://whitewolf.fandom.com/wiki/Animalism_(VTM)	Animalism	skill	9	Flesh Bond	N/A
https://whitewolf.fandom.com/wiki/Animalism_(VTM)	Animalism	skill	9	Free the Beast Within	N/A
https://whitewolf.fandom.com/wiki/Animalism_(VTM)	Animalism	skill	9	Unchain the Beast	N/A
https://whitewolf.fandom.com/wiki/Animalism_(VTM)	Animalism	skill	10	Army of Beasts	N/A
https://whitewolf.fandom.com/wiki/Animalism_(VTM)	Animalism	skill	10	Plot Device	N/A
https://whitewolf.fandom.com/wiki/Animalism_(VTM)	Animalism	skill	1	Bound Famulus	N/A
https://whitewolf.fandom.com/wiki/Animalism_(VTM)	Animalism	skill	1	Sense the Beast	N/A
https://whitewolf.fandom.com/wiki/Animalism_(VTM)	Animalism	skill	2	Feral Whispers	N/A
https://whitewolf.fandom.com/wiki/Animalism_(VTM)	Animalism	skill	2	Atavism	N/A
https://whitewolf.fandom.com/wiki/Animalism_(VTM)	Animalism	skill	3	Animal Succulence	N/A
https://whitewolf.fandom.com/wiki/Animalism_(VTM)	Animalism	skill	3	Quell the Beast	N/A
https://whitewolf.fandom.com/wiki/Animalism_(VTM)	Animalism	skill	3	Unliving Hive	N/A
https://whitewolf.fandom.com/wiki/Animalism_(VTM)	Animalism	skill	4	Subsume the Spirit	N/A
https://whitewolf.fandom.com/wiki/Animalism_(VTM)	Animalism	skill	5	Animal Dominion	N/A
https://whitewolf.fandom.com/wiki/Animalism_(VTM)	Animalism	skill	5	Drawing Out the Beast	N/A
https://whitewolf.fandom.com/wiki/Fortitude	Fortitude	skill	1	Resilience	N/A
https://whitewolf.fandom.com/wiki/Fortitude	Fortitude	skill	1	Unswayable Mind	N/A
https://whitewolf.fandom.com/wiki/Fortitude	Fortitude	skill	2	Toughness	N/A
https://whitewolf.fandom.com/wiki/Fortitude	Fortitude	skill	2	Enduring Beasts	N/A
https://whitewolf.fandom.com/wiki/Fortitude	Fortitude	skill	2	Obdurate	N/A
https://whitewolf.fandom.com/wiki/Fortitude	Fortitude	skill	2	Valeren	N/A
https://whitewolf.fandom.com/wiki/Fortitude	Fortitude	skill	3	Defy Bane	N/A
https://whitewolf.fandom.com/wiki/Fortitude	Fortitude	skill	3	Fortify the Inner Facade	N/A
https://whitewolf.fandom.com/wiki/Fortitude	Fortitude	skill	4	Draught of Endurance	N/A
https://whitewolf.fandom.com/wiki/Fortitude	Fortitude	skill	4	Shatter	N/A
https://whitewolf.fandom.com/wiki/Fortitude	Fortitude	skill	5	Flesh of Marble	N/A
https://whitewolf.fandom.com/wiki/Fortitude	Fortitude	skill	5	Prowess of Pain	N/A
https://whitewolf.fandom.com/wiki/Fortitude	Fortitude	skill	6	Personal Armor	N/A
https://whitewolf.fandom.com/wiki/Fortitude	Fortitude	skill	6	Sensory Shield	N/A
https://whitewolf.fandom.com/wiki/Fortitude	Fortitude	skill	6	Stand Against All Foes	N/A
https://whitewolf.fandom.com/wiki/Fortitude	Fortitude	skill	6	Alabastard	N/A
https://whitewolf.fandom.com/wiki/Fortitude	Fortitude	skill	7	Armor of Kings	N/A
https://whitewolf.fandom.com/wiki/Fortitude	Fortitude	skill	7	Curse the Laurel	N/A
https://whitewolf.fandom.com/wiki/Fortitude	Fortitude	skill	7	Resilient Mind	N/A
https://whitewolf.fandom.com/wiki/Fortitude	Fortitude	skill	7	Shared Strength	N/A
https://whitewolf.fandom.com/wiki/Fortitude	Fortitude	skill	8	Adamantine	N/A
https://whitewolf.fandom.com/wiki/Fortitude	Fortitude	skill	8	Eternal Vigilance	N/A
https://whitewolf.fandom.com/wiki/Fortitude	Fortitude	skill	8	King of the Mountain	N/A
https://whitewolf.fandom.com/wiki/Fortitude	Fortitude	skill	8	Repair the Undead Flesh	N/A
https://whitewolf.fandom.com/wiki/Fortitude	Fortitude	skill	8	Armored Flesh	N/A
https://whitewolf.fandom.com/wiki/Fortitude	Fortitude	skill	9	Arm of Prometheus	N/A
https://whitewolf.fandom.com/wiki/Fortitude	Fortitude	skill	10	Plot Device	N/A
https://whitewolf.fandom.com/wiki/Protean_(VTM)	Protean	skill	6	Adaptability	N/A
https://whitewolf.fandom.com/wiki/Protean_(VTM)	Protean	skill	6	Adaptation	N/A
https://whitewolf.fandom.com/wiki/Protean_(VTM)	Protean	skill	6	Blissful Slumber	N/A
https://whitewolf.fandom.com/wiki/Protean_(VTM)	Protean	skill	6	Earth Control	N/A
https://whitewolf.fandom.com/wiki/Protean_(VTM)	Protean	skill	6	Flesh of Marble	N/A
https://whitewolf.fandom.com/wiki/Protean_(VTM)	Protean	skill	6	Loki's Gift	N/A
https://whitewolf.fandom.com/wiki/Protean_(VTM)	Protean	skill	6	Shape Mastery	N/A
https://whitewolf.fandom.com/wiki/Protean_(VTM)	Protean	skill	6	Smoke and Mirrors	N/A
https://whitewolf.fandom.com/wiki/Protean_(VTM)	Protean	skill	7	Animal Swarm	N/A
https://whitewolf.fandom.com/wiki/Protean_(VTM)	Protean	skill	7	Death's Hidden Crawl	N/A
https://whitewolf.fandom.com/wiki/Protean_(VTM)	Protean	skill	7	Homunculus	N/A
https://whitewolf.fandom.com/wiki/Protean_(VTM)	Protean	skill	7	Restore the Mortal Visage	N/A
https://whitewolf.fandom.com/wiki/Protean_(VTM)	Protean	skill	7	Shape of the Beast's Wrath	N/A
https://whitewolf.fandom.com/wiki/Protean_(VTM)	Protean	skill	7	Spectral Body	N/A
https://whitewolf.fandom.com/wiki/Protean_(VTM)	Protean	skill	7	Turnabout	N/A
https://whitewolf.fandom.com/wiki/Protean_(VTM)	Protean	skill	8	Movement of the Slowed Body	N/A
https://whitewolf.fandom.com/wiki/Protean_(VTM)	Protean	skill	8	Mythic Form	N/A
https://whitewolf.fandom.com/wiki/Protean_(VTM)	Protean	skill	8	Purify the Impaled Breast	N/A
https://whitewolf.fandom.com/wiki/Protean_(VTM)	Protean	skill	8	Shape of the Inner Beast	N/A
https://whitewolf.fandom.com/wiki/Protean_(VTM)	Protean	skill	9	Adaptation	N/A
https://whitewolf.fandom.com/wiki/Protean_(VTM)	Protean	skill	9	Draught of Phoenix Blood	N/A
https://whitewolf.fandom.com/wiki/Protean_(VTM)	Protean	skill	9	Dual Form	N/A
https://whitewolf.fandom.com/wiki/Protean_(VTM)	Protean	skill	9	Inward Focus	N/A
https://whitewolf.fandom.com/wiki/Protean_(VTM)	Protean	skill	10	Body of the Sun	N/A
https://whitewolf.fandom.com/wiki/Protean_(VTM)	Protean	skill	10	Plot Device	N/A
https://whitewolf.fandom.com/wiki/Protean_(VTM)	Protean	skill	1	Eyes of the Beast	N/A
https://whitewolf.fandom.com/wiki/Protean_(VTM)	Protean	skill	1	Weight of the Feather	N/A
https://whitewolf.fandom.com/wiki/Protean_(VTM)	Protean	skill	2	Feral Weapons	N/A
https://whitewolf.fandom.com/wiki/Protean_(VTM)	Protean	skill	2	Vicissitude	N/A
https://whitewolf.fandom.com/wiki/Protean_(VTM)	Protean	skill	3	Earth Meld	N/A
https://whitewolf.fandom.com/wiki/Protean_(VTM)	Protean	skill	3	Shapechange	N/A
https://whitewolf.fandom.com/wiki/Protean_(VTM)	Protean	skill	3	Fleshcrafting	N/A
https://whitewolf.fandom.com/wiki/Protean_(VTM)	Protean	skill	4	Metamorphosis	N/A
https://whitewolf.fandom.com/wiki/Protean_(VTM)	Protean	skill	4	Horrid Form	N/A
https://whitewolf.fandom.com/wiki/Protean_(VTM)	Protean	skill	5	Mist Form	N/A
https://whitewolf.fandom.com/wiki/Protean_(VTM)	Protean	skill	5	The Unfettered Heart	N/A
https://whitewolf.fandom.com/wiki/Protean_(VTM)	Protean	skill	5	One with the Land	N/A
https://whitewolf.fandom.com/wiki/Protean_(VTM)	Protean	skill	5	The Heart of Darkness	N/A
https://whitewolf.fandom.com/wiki/Dominate_(VTM)	Dominate	skill	6	Autonomic Mastery	N/A
https://whitewolf.fandom.com/wiki/Dominate_(VTM)	Dominate	skill	6	Chain the Psyche	N/A
https://whitewolf.fandom.com/wiki/Dominate_(VTM)	Dominate	skill	6	Command Obedience	N/A
https://whitewolf.fandom.com/wiki/Dominate_(VTM)	Dominate	skill	6	Fealty	N/A
https://whitewolf.fandom.com/wiki/Dominate_(VTM)	Dominate	skill	6	Implanted Opinion	N/A
https://whitewolf.fandom.com/wiki/Dominate_(VTM)	Dominate	skill	6	Loyalty	N/A
https://whitewolf.fandom.com/wiki/Dominate_(VTM)	Dominate	skill	6	Memory Block	N/A
https://whitewolf.fandom.com/wiki/Dominate_(VTM)	Dominate	skill	6	Obedience	N/A
https://whitewolf.fandom.com/wiki/Dominate_(VTM)	Dominate	skill	6	Oberon's Grail	N/A
https://whitewolf.fandom.com/wiki/Dominate_(VTM)	Dominate	skill	6	Rationalize	N/A
https://whitewolf.fandom.com/wiki/Dominate_(VTM)	Dominate	skill	6	Tranquility	N/A
https://whitewolf.fandom.com/wiki/Dominate_(VTM)	Dominate	skill	7	Chain of Command	N/A
https://whitewolf.fandom.com/wiki/Dominate_(VTM)	Dominate	skill	7	Dynastic Power	N/A
https://whitewolf.fandom.com/wiki/Dominate_(VTM)	Dominate	skill	7	Repression of the Obvious	N/A
https://whitewolf.fandom.com/wiki/Dominate_(VTM)	Dominate	skill	7	Mass Manipulation	N/A
https://whitewolf.fandom.com/wiki/Dominate_(VTM)	Dominate	skill	7	Still the Mortal Flesh	N/A
https://whitewolf.fandom.com/wiki/Dominate_(VTM)	Dominate	skill	7	Strings of the Marionette	N/A
https://whitewolf.fandom.com/wiki/Dominate_(VTM)	Dominate	skill	7	Tyrant's Gaze	N/A
https://whitewolf.fandom.com/wiki/Dominate_(VTM)	Dominate	skill	8	Carry the Master's Voice	N/A
https://whitewolf.fandom.com/wiki/Dominate_(VTM)	Dominate	skill	8	Far Mastery	N/A
https://whitewolf.fandom.com/wiki/Dominate_(VTM)	Dominate	skill	9	Best Intentions	N/A
https://whitewolf.fandom.com/wiki/Dominate_(VTM)	Dominate	skill	9	Speak Through the Blood	N/A
https://whitewolf.fandom.com/wiki/Dominate_(VTM)	Dominate	skill	10	Puppet Master	N/A
https://whitewolf.fandom.com/wiki/Dominate_(VTM)	Dominate	skill	10	Plot Device	N/A
https://whitewolf.fandom.com/wiki/Dominate_(VTM)	Dominate	skill	1	Cloud Memory	N/A
https://whitewolf.fandom.com/wiki/Dominate_(VTM)	Dominate	skill	1	Compel	N/A
https://whitewolf.fandom.com/wiki/Dominate_(VTM)	Dominate	skill	2	Mesmerize	N/A
https://whitewolf.fandom.com/wiki/Dominate_(VTM)	Dominate	skill	2	Dementation	N/A
https://whitewolf.fandom.com/wiki/Dominate_(VTM)	Dominate	skill	2	Slavish Devotion	N/A
https://whitewolf.fandom.com/wiki/Dominate_(VTM)	Dominate	skill	2	Domitor's Favor	N/A
https://whitewolf.fandom.com/wiki/Dominate_(VTM)	Dominate	skill	3	The Forgetful Mind	N/A
https://whitewolf.fandom.com/wiki/Dominate_(VTM)	Dominate	skill	3	Submerged Directive	N/A
https://whitewolf.fandom.com/wiki/Dominate_(VTM)	Dominate	skill	4	Ancestral Dominion	N/A
https://whitewolf.fandom.com/wiki/Dominate_(VTM)	Dominate	skill	4	Rationalize	N/A
https://whitewolf.fandom.com/wiki/Dominate_(VTM)	Dominate	skill	5	Mass Manipulation	N/A
https://whitewolf.fandom.com/wiki/Dominate_(VTM)	Dominate	skill	5	Terminal Decree	N/A
https://whitewolf.fandom.com/wiki/Blood_magic_(VTM)	Blood_Sorcery	skill	1	Corrosive Vitae	N/A
https://whitewolf.fandom.com/wiki/Blood_magic_(VTM)	Blood_Sorcery	skill	1	A Taste for Blood	N/A
https://whitewolf.fandom.com/wiki/Blood_magic_(VTM)	Blood_Sorcery	skill	1	Shape of the Sanguine Sacrament	N/A
https://whitewolf.fandom.com/wiki/Blood_magic_(VTM)	Blood_Sorcery	skill	2	Extinguish Vitae	N/A
https://whitewolf.fandom.com/wiki/Blood_magic_(VTM)	Blood_Sorcery	skill	3	Blood of Potency	N/A
https://whitewolf.fandom.com/wiki/Blood_magic_(VTM)	Blood_Sorcery	skill	3	Scorpion’s Touch	N/A
https://whitewolf.fandom.com/wiki/Blood_magic_(VTM)	Blood_Sorcery	skill	4	Theft of Vitae	N/A
https://whitewolf.fandom.com/wiki/Blood_magic_(VTM)	Blood_Sorcery	skill	5	Baal’s Caress	N/A
https://whitewolf.fandom.com/wiki/Blood_magic_(VTM)	Blood_Sorcery	skill	5	Cauldron of Blood	N/A
https://whitewolf.fandom.com/wiki/Blood_magic_(VTM)	Blood_Sorcery	blood_sorcery_ritual	1	Blood Walk	N/A
https://whitewolf.fandom.com/wiki/Blood_magic_(VTM)	Blood_Sorcery	blood_sorcery_ritual	1	Bloody Message	N/A
https://whitewolf.fandom.com/wiki/Blood_magic_(VTM)	Blood_Sorcery	blood_sorcery_ritual	1	Clinging of the Insect	N/A
https://whitewolf.fandom.com/wiki/Blood_magic_(VTM)	Blood_Sorcery	blood_sorcery_ritual	1	Coax the Garden	N/A
https://whitewolf.fandom.com/wiki/Blood_magic_(VTM)	Blood_Sorcery	blood_sorcery_ritual	1	Craft Bloodstone	N/A
https://whitewolf.fandom.com/wiki/Blood_magic_(VTM)	Blood_Sorcery	blood_sorcery_ritual	1	Dampen the Fear	N/A
https://whitewolf.fandom.com/wiki/Blood_magic_(VTM)	Blood_Sorcery	blood_sorcery_ritual	1	Herd Ward	N/A
https://whitewolf.fandom.com/wiki/Blood_magic_(VTM)	Blood_Sorcery	blood_sorcery_ritual	1	Letter Ward	N/A
https://whitewolf.fandom.com/wiki/Blood_magic_(VTM)	Blood_Sorcery	blood_sorcery_ritual	1	Unseen Underground	N/A
https://whitewolf.fandom.com/wiki/Blood_magic_(VTM)	Blood_Sorcery	blood_sorcery_ritual	1	Wake with Evening's Freshness	N/A
https://whitewolf.fandom.com/wiki/Blood_magic_(VTM)	Blood_Sorcery	blood_sorcery_ritual	1	Ward Against Ghouls	N/A
https://whitewolf.fandom.com/wiki/Blood_magic_(VTM)	Blood_Sorcery	blood_sorcery_ritual	2	Calling the Aura's Remnant	N/A
https://whitewolf.fandom.com/wiki/Blood_magic_(VTM)	Blood_Sorcery	blood_sorcery_ritual	2	Communicate with Kindred Sire	N/A
https://whitewolf.fandom.com/wiki/Blood_magic_(VTM)	Blood_Sorcery	blood_sorcery_ritual	2	Eyes of Babel	N/A
https://whitewolf.fandom.com/wiki/Blood_magic_(VTM)	Blood_Sorcery	blood_sorcery_ritual	2	Illuminate the Trail of Prey	N/A
https://whitewolf.fandom.com/wiki/Blood_magic_(VTM)	Blood_Sorcery	blood_sorcery_ritual	2	Ishtar's Touch	N/A
https://whitewolf.fandom.com/wiki/Blood_magic_(VTM)	Blood_Sorcery	blood_sorcery_ritual	2	Truth of Blood	N/A
https://whitewolf.fandom.com/wiki/Blood_magic_(VTM)	Blood_Sorcery	blood_sorcery_ritual	2	Ward against Spirits	N/A
https://whitewolf.fandom.com/wiki/Blood_magic_(VTM)	Blood_Sorcery	blood_sorcery_ritual	2	Warding Circle against Ghouls	N/A
https://whitewolf.fandom.com/wiki/Blood_magic_(VTM)	Blood_Sorcery	blood_sorcery_ritual	3	Bladed Hands	N/A
https://whitewolf.fandom.com/wiki/Blood_magic_(VTM)	Blood_Sorcery	blood_sorcery_ritual	3	Dagon's Call	N/A
https://whitewolf.fandom.com/wiki/Blood_magic_(VTM)	Blood_Sorcery	blood_sorcery_ritual	3	Deflection of Wooden Doom	N/A
https://whitewolf.fandom.com/wiki/Blood_magic_(VTM)	Blood_Sorcery	blood_sorcery_ritual	3	Essence of Air	N/A
https://whitewolf.fandom.com/wiki/Blood_magic_(VTM)	Blood_Sorcery	blood_sorcery_ritual	3	Eyes of the Past	N/A
https://whitewolf.fandom.com/wiki/Blood_magic_(VTM)	Blood_Sorcery	blood_sorcery_ritual	3	Fire in the Blood	N/A
https://whitewolf.fandom.com/wiki/Blood_magic_(VTM)	Blood_Sorcery	blood_sorcery_ritual	3	Firewalker	N/A
https://whitewolf.fandom.com/wiki/Blood_magic_(VTM)	Blood_Sorcery	blood_sorcery_ritual	3	Gentle Mind	N/A
https://whitewolf.fandom.com/wiki/Blood_magic_(VTM)	Blood_Sorcery	blood_sorcery_ritual	3	Haunted House	N/A
https://whitewolf.fandom.com/wiki/Blood_magic_(VTM)	Blood_Sorcery	blood_sorcery_ritual	3	Illusion of Peaceful Death	N/A
https://whitewolf.fandom.com/wiki/Blood_magic_(VTM)	Blood_Sorcery	blood_sorcery_ritual	3	Illusion of Perfection	N/A
https://whitewolf.fandom.com/wiki/Blood_magic_(VTM)	Blood_Sorcery	blood_sorcery_ritual	3	One with the Blade	N/A
https://whitewolf.fandom.com/wiki/Blood_magic_(VTM)	Blood_Sorcery	blood_sorcery_ritual	3	Sanguine Watcher	N/A
https://whitewolf.fandom.com/wiki/Blood_magic_(VTM)	Blood_Sorcery	blood_sorcery_ritual	3	Sleep of Judas	N/A
https://whitewolf.fandom.com/wiki/Blood_magic_(VTM)	Blood_Sorcery	blood_sorcery_ritual	3	The Unseen Change	N/A
https://whitewolf.fandom.com/wiki/Blood_magic_(VTM)	Blood_Sorcery	blood_sorcery_ritual	3	Ward Against Lupines	N/A
https://whitewolf.fandom.com/wiki/Blood_magic_(VTM)	Blood_Sorcery	blood_sorcery_ritual	3	Warding Circle against Spirits	N/A
https://whitewolf.fandom.com/wiki/Blood_magic_(VTM)	Blood_Sorcery	blood_sorcery_ritual	4	Defense of the Sacred Haven	N/A
https://whitewolf.fandom.com/wiki/Blood_magic_(VTM)	Blood_Sorcery	blood_sorcery_ritual	4	Eyes of the Nighthawk	N/A
https://whitewolf.fandom.com/wiki/Blood_magic_(VTM)	Blood_Sorcery	blood_sorcery_ritual	4	Incorporeal Passage	N/A
https://whitewolf.fandom.com/wiki/Blood_magic_(VTM)	Blood_Sorcery	blood_sorcery_ritual	4	Innocence of the Child's Heart	N/A
https://whitewolf.fandom.com/wiki/Blood_magic_(VTM)	Blood_Sorcery	blood_sorcery_ritual	4	Protean Curse	N/A
https://whitewolf.fandom.com/wiki/Blood_magic_(VTM)	Blood_Sorcery	blood_sorcery_ritual	4	Rending the Sweet Earth	N/A
https://whitewolf.fandom.com/wiki/Blood_magic_(VTM)	Blood_Sorcery	blood_sorcery_ritual	4	Ward Against Cainites	N/A
https://whitewolf.fandom.com/wiki/Blood_magic_(VTM)	Blood_Sorcery	blood_sorcery_ritual	4	Warding Circle against Lupines	N/A
https://whitewolf.fandom.com/wiki/Blood_magic_(VTM)	Blood_Sorcery	blood_sorcery_ritual	4	Web of Hunger	N/A
https://whitewolf.fandom.com/wiki/Blood_magic_(VTM)	Blood_Sorcery	blood_sorcery_ritual	5	Creatio Ignis	N/A
https://whitewolf.fandom.com/wiki/Blood_magic_(VTM)	Blood_Sorcery	blood_sorcery_ritual	5	Eden's Bounty	N/A
https://whitewolf.fandom.com/wiki/Blood_magic_(VTM)	Blood_Sorcery	blood_sorcery_ritual	5	Escape to True Sanctuary	N/A
https://whitewolf.fandom.com/wiki/Blood_magic_(VTM)	Blood_Sorcery	blood_sorcery_ritual	5	Heart of Stone	N/A
https://whitewolf.fandom.com/wiki/Blood_magic_(VTM)	Blood_Sorcery	blood_sorcery_ritual	5	Shaft of Belated Dissolution	N/A
https://whitewolf.fandom.com/wiki/Blood_magic_(VTM)	Blood_Sorcery	blood_sorcery_ritual	5	The Ritual of Transferring the Soul	N/A
https://whitewolf.fandom.com/wiki/Blood_magic_(VTM)	Blood_Sorcery	blood_sorcery_ritual	5	Warding Circle against Cainites	N/A
https://whitewolf.fandom.com/wiki/Oblivion_(Discipline)	Oblivion	skill	1	Shadow Cloak	N/A
https://whitewolf.fandom.com/wiki/Oblivion_(Discipline)	Oblivion	skill	1	Oblivion's Sight	N/A
https://whitewolf.fandom.com/wiki/Oblivion_(Discipline)	Oblivion	skill	1	Ashes to Ashes	N/A
https://whitewolf.fandom.com/wiki/Oblivion_(Discipline)	Oblivion	skill	1	The Binding Fetter	N/A
https://whitewolf.fandom.com/wiki/Oblivion_(Discipline)	Oblivion	skill	2	Shadow Cast	N/A
https://whitewolf.fandom.com/wiki/Oblivion_(Discipline)	Oblivion	skill	2	Arms of Ahriman	N/A
https://whitewolf.fandom.com/wiki/Oblivion_(Discipline)	Oblivion	skill	2	Fatal Precognition	N/A
https://whitewolf.fandom.com/wiki/Oblivion_(Discipline)	Oblivion	skill	2	Where the Shroud Thins	N/A
https://whitewolf.fandom.com/wiki/Oblivion_(Discipline)	Oblivion	skill	3	Shadow Perspective	N/A
https://whitewolf.fandom.com/wiki/Oblivion_(Discipline)	Oblivion	skill	3	Touch of Oblivion	N/A
https://whitewolf.fandom.com/wiki/Oblivion_(Discipline)	Oblivion	skill	3	Aura of Decay	N/A
https://whitewolf.fandom.com/wiki/Oblivion_(Discipline)	Oblivion	skill	3	Passion Feast	N/A
https://whitewolf.fandom.com/wiki/Oblivion_(Discipline)	Oblivion	skill	4	Stygian Shroud	N/A
https://whitewolf.fandom.com/wiki/Oblivion_(Discipline)	Oblivion	skill	4	Necrotic Plague	N/A
https://whitewolf.fandom.com/wiki/Oblivion_(Discipline)	Oblivion	skill	5	Shadow Step	N/A
https://whitewolf.fandom.com/wiki/Oblivion_(Discipline)	Oblivion	skill	5	Tenebrous Avatar	N/A
https://whitewolf.fandom.com/wiki/Oblivion_(Discipline)	Oblivion	skill	5	Skuld Fulfilled	N/A
https://whitewolf.fandom.com/wiki/Oblivion_(Discipline)	Oblivion	skill	5	Withering Spirit	N/A
https://whitewolf.fandom.com/wiki/Oblivion_(Discipline)	Oblivion	ceremony	1	The Gift of False Life	N/A
https://whitewolf.fandom.com/wiki/Oblivion_(Discipline)	Oblivion	ceremony	1	Summon Spirit	N/A
https://whitewolf.fandom.com/wiki/Oblivion_(Discipline)	Oblivion	ceremony	1	Traveller's Call	N/A
https://whitewolf.fandom.com/wiki/Oblivion_(Discipline)	Oblivion	ceremony	1	The Knowing Stone	N/A
https://whitewolf.fandom.com/wiki/Oblivion_(Discipline)	Oblivion	ceremony	2	Awaken the Homuncular Servant	N/A
https://whitewolf.fandom.com/wiki/Oblivion_(Discipline)	Oblivion	ceremony	2	Compel Spirit	N/A
https://whitewolf.fandom.com/wiki/Oblivion_(Discipline)	Oblivion	ceremony	3	Host Spirit	N/A
https://whitewolf.fandom.com/wiki/Oblivion_(Discipline)	Oblivion	ceremony	3	Shambling Hordes	N/A
https://whitewolf.fandom.com/wiki/Oblivion_(Discipline)	Oblivion	ceremony	3	Name of the Father	N/A
https://whitewolf.fandom.com/wiki/Oblivion_(Discipline)	Oblivion	ceremony	4	Bind the Spirit	N/A
https://whitewolf.fandom.com/wiki/Oblivion_(Discipline)	Oblivion	ceremony	4	Split the Shroud	N/A
https://whitewolf.fandom.com/wiki/Oblivion_(Discipline)	Oblivion	ceremony	5	Ex Nihilo	N/A
https://whitewolf.fandom.com/wiki/Oblivion_(Discipline)	Oblivion	ceremony	5	Lazarene Blessing	N/A
https://whitewolf.fandom.com/wiki/Oblivion_(Discipline)	Oblivion	ceremony	5	Pit of Contemplation	N/A
https://whitewolf.fandom.com/wiki/Thin-Blood_Alchemy	Thin_Blood_Alchemy	skill	1	Far Reach	N/A
https://whitewolf.fandom.com/wiki/Thin-Blood_Alchemy	Thin_Blood_Alchemy	skill	1	Haze	N/A
https://whitewolf.fandom.com/wiki/Thin-Blood_Alchemy	Thin_Blood_Alchemy	skill	2	User can develop formulae to counterfeit level 1 Disciplines	N/A
https://whitewolf.fandom.com/wiki/Thin-Blood_Alchemy	Thin_Blood_Alchemy	skill	2	Envelop	N/A
https://whitewolf.fandom.com/wiki/Thin-Blood_Alchemy	Thin_Blood_Alchemy	skill	3	User can develop formulae to counterfeit level 2 Disciplines	N/A
https://whitewolf.fandom.com/wiki/Thin-Blood_Alchemy	Thin_Blood_Alchemy	skill	3	Defractionate	N/A
https://whitewolf.fandom.com/wiki/Thin-Blood_Alchemy	Thin_Blood_Alchemy	skill	3	Profane Hieros Gamos	N/A
https://whitewolf.fandom.com/wiki/Thin-Blood_Alchemy	Thin_Blood_Alchemy	skill	3	Concoct Ashe	N/A
https://whitewolf.fandom.com/wiki/Thin-Blood_Alchemy	Thin_Blood_Alchemy	skill	3	Chemically Induced Flashback	N/A
https://whitewolf.fandom.com/wiki/Thin-Blood_Alchemy	Thin_Blood_Alchemy	skill	4	User can develop formulae to counterfeit level 3 Disciplines	N/A
https://whitewolf.fandom.com/wiki/Thin-Blood_Alchemy	Thin_Blood_Alchemy	skill	4	Airborne Momentum	N/A
https://whitewolf.fandom.com/wiki/Thin-Blood_Alchemy	Thin_Blood_Alchemy	skill	4	Discipline Channeling	N/A
https://whitewolf.fandom.com/wiki/Thin-Blood_Alchemy	Thin_Blood_Alchemy	skill	5	User can develop formulae to counterfeit level 4 Disciplines	N/A
https://whitewolf.fandom.com/wiki/Thin-Blood_Alchemy	Thin_Blood_Alchemy	skill	5	Awaken the Sleeper	N/A
https://whitewolf.fandom.com/wiki/Auspex_(VTM)	Auspex	skill	6	Babble	 Similar to Telepathic Communication but can have several participants but has the disadvantage of being heard as outside stimuli can interfere.
https://whitewolf.fandom.com/wiki/Auspex_(VTM)	Auspex	skill	6	Celestial Harmony	 Open your mind to the thoughts and emotions of a crowd
https://whitewolf.fandom.com/wiki/Auspex_(VTM)	Auspex	skill	6	Cipher	 Gain the ability to read any non-supernatural language or code
https://whitewolf.fandom.com/wiki/Auspex_(VTM)	Auspex	skill	6	Clairvoyance	 See what is happening in a distant location
https://whitewolf.fandom.com/wiki/Auspex_(VTM)	Auspex	skill	6	Crocodile's Tongue	 Know what someone wants to hear in order to get the best reaction
https://whitewolf.fandom.com/wiki/Auspex_(VTM)	Auspex	skill	6	Discern the Aura	 Scan a group of people with one particular trait in their aura
https://whitewolf.fandom.com/wiki/Auspex_(VTM)	Auspex	skill	6	Eagle's Sight	 Gain a bird's eye view of your area
https://whitewolf.fandom.com/wiki/Auspex_(VTM)	Auspex	skill	6	Genius Loci	 Gain insight by meditating at places of high resonance
https://whitewolf.fandom.com/wiki/Auspex_(VTM)	Auspex	skill	6	Horoscopic Forecast	 Gain a glimpse of the target's future
https://whitewolf.fandom.com/wiki/Auspex_(VTM)	Auspex	skill	6	Insight of the Talespinner	 Draw out detailed characters and stories quickly from your mind
https://whitewolf.fandom.com/wiki/Auspex_(VTM)	Auspex	skill	6	Prediction	 Socially outwit someone by knowing what they are going to say ahead of time
https://whitewolf.fandom.com/wiki/Auspex_(VTM)	Auspex	skill	6	Sense Emotion	 Learn the emotions of the people around you
https://whitewolf.fandom.com/wiki/Auspex_(VTM)	Auspex	skill	6	Spirit Bond	 Create a connection to something so you can find its geographical location
https://whitewolf.fandom.com/wiki/Auspex_(VTM)	Auspex	skill	6	Telepathic Communication	 Mentally speak with someone, even if they are a great distance away
https://whitewolf.fandom.com/wiki/Auspex_(VTM)	Auspex	skill	6	The Dreaming	 Be somewhat aware of events concerning you while in torpor
https://whitewolf.fandom.com/wiki/Auspex_(VTM)	Auspex	skill	6	The Mind Revealed	 Continuously read someone's thoughts to know what they are thinking and about to do
https://whitewolf.fandom.com/wiki/Auspex_(VTM)	Auspex	skill	7	Anima Gathering	 Take other people with you to travel astrally
https://whitewolf.fandom.com/wiki/Auspex_(VTM)	Auspex	skill	7	Ecstatic Agony	 The pain from wounds makes you act stronger, not weaker
https://whitewolf.fandom.com/wiki/Auspex_(VTM)	Auspex	skill	7	Karmic Sight	 View someone's aura, personality, morality, and other karmic qualities
https://whitewolf.fandom.com/wiki/Auspex_(VTM)	Auspex	skill	7	Melange	 See the truths behind reality in metaphor
https://whitewolf.fandom.com/wiki/Auspex_(VTM)	Auspex	skill	7	Mirror Reflex	 React quickly to an opponent in combat by reading their mind
https://whitewolf.fandom.com/wiki/Auspex_(VTM)	Auspex	skill	7	Personality Metamorph	 Take on fictitious personalities as your own
https://whitewolf.fandom.com/wiki/Auspex_(VTM)	Auspex	skill	7	Pluck the Secret	 Learn what a target knows about a specific subject
https://whitewolf.fandom.com/wiki/Auspex_(VTM)	Auspex	skill	7	Repression of the Obvious	 Learn about the most directly repressing thought a target has at the moment.
https://whitewolf.fandom.com/wiki/Auspex_(VTM)	Auspex	skill	7	Spirit Link	 Speak with multiple people telepathically at once
https://whitewolf.fandom.com/wiki/Auspex_(VTM)	Auspex	skill	7	Stealing the Mind's Eye	 See and hear what a target does and even use some Disciplines through them
https://whitewolf.fandom.com/wiki/Auspex_(VTM)	Auspex	skill	7	Supernal Awareness	 Sense events and deeds anywhere in the world
https://whitewolf.fandom.com/wiki/Auspex_(VTM)	Auspex	skill	8	Omniscience	 Learn the personalities and identities of all creatures around you
https://whitewolf.fandom.com/wiki/Auspex_(VTM)	Auspex	skill	8	Psychic Assault	 Make a powerful mental attack against a target's psyche
https://whitewolf.fandom.com/wiki/Auspex_(VTM)	Auspex	skill	8	The Oracle's Sight	 Hear and see the thoughts of everyone around you
https://whitewolf.fandom.com/wiki/Auspex_(VTM)	Auspex	skill	8	The Call (also known as Malkavian Madness Network)	 a Malkavian-exclusive ability that enables the vampire to summon a clan gathering.
https://whitewolf.fandom.com/wiki/Auspex_(VTM)	Auspex	skill	9	False Slumber	 Astrally project while in torpor
https://whitewolf.fandom.com/wiki/Auspex_(VTM)	Auspex	skill	9	Master of the Dom	 Merge with a land and know everything that transpires on it while gaining power over the land and its residents
https://whitewolf.fandom.com/wiki/Auspex_(VTM)	Auspex	skill	9	Precognition	 Gain some insight as to what may happen at a particular time and place
https://whitewolf.fandom.com/wiki/Auspex_(VTM)	Auspex	skill	9	Sight of the Oracle	 Always know what is happening around you, gain visions of past and future events, and increase other supernatural senses
https://whitewolf.fandom.com/wiki/Auspex_(VTM)	Auspex	skill	10	Pulse of the Canaille	 Sense the attitudes, directions, and trends of groups of mortals, as well as those who may be controlling them
https://whitewolf.fandom.com/wiki/Auspex_(VTM)	Auspex	skill	10	Plot Device	N/A
https://whitewolf.fandom.com/wiki/Auspex_(VTM)	Auspex	skill	1	Heightened Senses	 The vampire can add their Auspex rating to their perception checks.
https://whitewolf.fandom.com/wiki/Auspex_(VTM)	Auspex	skill	1	Sense the Unseen	 The vampire can detect things that are supernaturally invisible, like Obfuscate users, ghosts, or dormant Blood Sorcery spells.
https://whitewolf.fandom.com/wiki/Auspex_(VTM)	Auspex	skill	2	Premonition	 The vampire can receive visions and hints about what is about to happen.
https://whitewolf.fandom.com/wiki/Auspex_(VTM)	Auspex	skill	2	Obeah	 Soothes the psychological turmoil of the vampire's subject. Amalgam: Fortitude 1.
https://whitewolf.fandom.com/wiki/Auspex_(VTM)	Auspex	skill	3	Scry the Soul	 The vampire can read auras.
https://whitewolf.fandom.com/wiki/Auspex_(VTM)	Auspex	skill	3	Share the Senses	 The vampire can sense through the senses of another kindred or mortal.
https://whitewolf.fandom.com/wiki/Auspex_(VTM)	Auspex	skill	4	Spirit's Touch	 The vampire can touch an inanimate object to sense the emotional residue from when the object was last used, or the ground of their present location from past visitors.
https://whitewolf.fandom.com/wiki/Auspex_(VTM)	Auspex	skill	5	Clairvoyance	 The vampire can gather information from an entire city-block at once.
https://whitewolf.fandom.com/wiki/Auspex_(VTM)	Auspex	skill	5	Possession	 Amalgam of Dominate 3. The vampire can take over the body of a mortal.
https://whitewolf.fandom.com/wiki/Auspex_(VTM)	Auspex	skill	5	Telepathy	 The vampire can project their thoughts into the mind of another kindred or mortal or read surface level thoughts and emotions.
https://whitewolf.fandom.com/wiki/Auspex_(VTM)	Auspex	skill	5	Unburdening the Bestial Soul	 Shares the vampire's own sense of moral peace of mind with another Kindred willing to repent of their sins. Amalgam: Dominate 3. Requires  Obeah.
